Médico,Alergista,Consultorio,Reemplazo de consultorio,Guardia,Reemplazo de guardia,Médico de planta,Médico de Staff,Ayudante de consultorio,Ayudante de cirugía general,Ayudante de cesárea,Ayudante cirugía laparoscópica,Ayudante cirugía laparoscópica ginecológica,Ayudante cirugía traumatológica,Ayudante cirugía de tórax,Ayudante cirugía cardiovascular,Ayudante cirugía vascular,Ayudante cirugía urológica,Reconocimientos médicos,Medicina laboral,Asistente en investigación,Ambulancia
Médico,Anatomopatologo,Consultorio,Reemplazo de consultorio,Guardia,Reemplazo de guardia,Médico de planta,Médico de Staff,Ayudante de consultorio,Ayudante de cirugía general,Ayudante de cesárea,Ayudante cirugía laparoscópica,Ayudante cirugía laparoscópica ginecológica,Ayudante cirugía traumatológica,Ayudante cirugía de tórax,Ayudante cirugía cardiovascular,Ayudante cirugía vascular,Ayudante cirugía urológica,Reconocimientos médicos,Medicina laboral,Asistente en investigación,Ambulancia
Médico,Anestesiologo,Anestesiología para cirugía general,Anestesiología infantil,Anestesiología para obstetricia,Anestesiología para cirugía laparoscópica,Anestesiología para cirugía laparoscópica ginecológica,Anestesiología para cirugía traumatológica,Anestesiología para cirugía urológica, Antestesiología para neurocirugía
Médico,Angiologia general y hemocinamia,Consultorio,Reemplazo de consultorio,Guardia,Reemplazo de guardia,Médico de planta,Médico de Staff,Ayudante de consultorio,Ayudante de cirugía general,Ayudante de cesárea,Ayudante cirugía laparoscópica,Ayudante cirugía laparoscópica ginecológica,Ayudante cirugía traumatológica,Ayudante cirugía de tórax,Ayudante cirugía cardiovascular,Ayudante cirugía vascular,Ayudante cirugía urológica,Reconocimientos médicos,Medicina laboral,Asistente en investigación,Ambulancia
Médico,Cardiología,Consultorio,Reemplazo de consultorio,Guardia,Reemplazo de guardia,Médico de planta,Médico de Staff,Ayudante de consultorio,Ayudante de cirugía general,Ayudante de cesárea,Ayudante cirugía laparoscópica,Ayudante cirugía laparoscópica ginecológica,Ayudante cirugía traumatológica,Ayudante cirugía de tórax,Ayudante cirugía cardiovascular,Ayudante cirugía vascular,Ayudante cirugía urológica,Reconocimientos médicos,Medicina laboral,Asistente en investigación,Ambulancia
Médico,Cardiología infantil,Consultorio,Reemplazo de consultorio,Guardia,Reemplazo de guardia,Médico de planta,Médico de Staff,Ayudante de consultorio,Ayudante de cirugía general,Ayudante de cesárea,Ayudante cirugía laparoscópica,Ayudante cirugía laparoscópica ginecológica,Ayudante cirugía traumatológica,Ayudante cirugía de tórax,Ayudante cirugía cardiovascular,Ayudante cirugía vascular,Ayudante cirugía urológica,Reconocimientos médicos,Medicina laboral,Asistente en investigación,Ambulancia
Médico,Cirugía general,Consultorio,Reemplazo de consultorio,Guardia,Reemplazo de guardia,Médico de planta,Médico de Staff,Ayudante de consultorio,Ayudante de cirugía general,Ayudante de cesárea,Ayudante cirugía laparoscópica,Ayudante cirugía laparoscópica ginecológica,Ayudante cirugía traumatológica,Ayudante cirugía de tórax,Ayudante cirugía cardiovascular,Ayudante cirugía vascular,Ayudante cirugía urológica,Reconocimientos médicos,Medicina laboral,Asistente en investigación,Ambulancia
Médico,Cirugía plástica y reparadora,Consultorio,Reemplazo de consultorio,Guardia,Reemplazo de guardia,Médico de planta,Médico de Staff,Ayudante de consultorio,Ayudante de cirugía general,Ayudante de cesárea,Ayudante cirugía laparoscópica,Ayudante cirugía laparoscópica ginecológica,Ayudante cirugía traumatológica,Ayudante cirugía de tórax,Ayudante cirugía cardiovascular,Ayudante cirugía vascular,Ayudante cirugía urológica,Reconocimientos médicos,Medicina laboral,Asistente en investigación,Ambulancia
Médico,Cirugía torácica,Consultorio,Reemplazo de consultorio,Guardia,Reemplazo de guardia,Médico de planta,Médico de Staff,Ayudante de consultorio,Ayudante de cirugía general,Ayudante de cesárea,Ayudante cirugía laparoscópica,Ayudante cirugía laparoscópica ginecológica,Ayudante cirugía traumatológica,Ayudante cirugía de tórax,Ayudante cirugía cardiovascular,Ayudante cirugía vascular,Ayudante cirugía urológica,Reconocimientos médicos,Medicina laboral,Asistente en investigación,Ambulancia
Médico,Cirugía de cabeza y cuello,Consultorio,Reemplazo de consultorio,Guardia,Reemplazo de guardia,Médico de planta,Médico de Staff,Ayudante de consultorio,Ayudante de cirugía general,Ayudante de cesárea,Ayudante cirugía laparoscópica,Ayudante cirugía laparoscópica ginecológica,Ayudante cirugía traumatológica,Ayudante cirugía de tórax,Ayudante cirugía cardiovascular,Ayudante cirugía vascular,Ayudante cirugía urológica,Reconocimientos médicos,Medicina laboral,Asistente en investigación,Ambulancia
Médico,Cirugía cardiovascular,Consultorio,Reemplazo de consultorio,Guardia,Reemplazo de guardia,Médico de planta,Médico de Staff,Ayudante de consultorio,Ayudante de cirugía general,Ayudante de cesárea,Ayudante cirugía laparoscópica,Ayudante cirugía laparoscópica ginecológica,Ayudante cirugía traumatológica,Ayudante cirugía de tórax,Ayudante cirugía cardiovascular,Ayudante cirugía vascular,Ayudante cirugía urológica,Reconocimientos médicos,Medicina laboral,Asistente en investigación,Ambulancia
Médico,Cirugía vascular periférica,Consultorio,Reemplazo de consultorio,Guardia,Reemplazo de guardia,Médico de planta,Médico de Staff,Ayudante de consultorio,Ayudante de cirugía general,Ayudante de cesárea,Ayudante cirugía laparoscópica,Ayudante cirugía laparoscópica ginecológica,Ayudante cirugía traumatológica,Ayudante cirugía de tórax,Ayudante cirugía cardiovascular,Ayudante cirugía vascular,Ayudante cirugía urológica,Reconocimientos médicos,Medicina laboral,Asistente en investigación,Ambulancia
Médico,Cirugía infantil,Consultorio,Reemplazo de consultorio,Guardia,Reemplazo de guardia,Médico de planta,Médico de Staff,Ayudante de consultorio,Ayudante de cirugía general,Ayudante de cesárea,Ayudante cirugía laparoscópica,Ayudante cirugía laparoscópica ginecológica,Ayudante cirugía traumatológica,Ayudante cirugía de tórax,Ayudante cirugía cardiovascular,Ayudante cirugía vascular,Ayudante cirugía urológica,Reconocimientos médicos,Medicina laboral,Asistente en investigación,Ambulancia
Médico,Clínica medica,Consultorio,Reemplazo de consultorio,Guardia,Reemplazo de guardia,Médico de planta,Médico de Staff,Ayudante de consultorio,Ayudante de cirugía general,Ayudante de cesárea,Ayudante cirugía laparoscópica,Ayudante cirugía laparoscópica ginecológica,Ayudante cirugía traumatológica,Ayudante cirugía de tórax,Ayudante cirugía cardiovascular,Ayudante cirugía vascular,Ayudante cirugía urológica,Reconocimientos médicos,Medicina laboral,Asistente en investigación,Ambulancia
Médico,Dermatología,Consultorio,Reemplazo de consultorio,Guardia,Reemplazo de guardia,Médico de planta,Médico de Staff,Ayudante de consultorio,Ayudante de cirugía general,Ayudante de cesárea,Ayudante cirugía laparoscópica,Ayudante cirugía laparoscópica ginecológica,Ayudante cirugía traumatológica,Ayudante cirugía de tórax,Ayudante cirugía cardiovascular,Ayudante cirugía vascular,Ayudante cirugía urológica,Reconocimientos médicos,Medicina laboral,Asistente en investigación,Ambulancia
Médico,Diagnostico por imágenes,Consultorio,Reemplazo de consultorio,Guardia,Reemplazo de guardia,Médico de planta,Médico de Staff,Ayudante de consultorio,Ayudante de cirugía general,Ayudante de cesárea,Ayudante cirugía laparoscópica,Ayudante cirugía laparoscópica ginecológica,Ayudante cirugía traumatológica,Ayudante cirugía de tórax,Ayudante cirugía cardiovascular,Ayudante cirugía vascular,Ayudante cirugía urológica,Reconocimientos médicos,Medicina laboral,Asistente en investigación,Ambulancia
Médico,Endocrinología,Consultorio,Reemplazo de consultorio,Guardia,Reemplazo de guardia,Médico de planta,Médico de Staff,Ayudante de consultorio,Ayudante de cirugía general,Ayudante de cesárea,Ayudante cirugía laparoscópica,Ayudante cirugía laparoscópica ginecológica,Ayudante cirugía traumatológica,Ayudante cirugía de tórax,Ayudante cirugía cardiovascular,Ayudante cirugía vascular,Ayudante cirugía urológica,Reconocimientos médicos,Medicina laboral,Asistente en investigación,Ambulancia
Médico,Endoscopia digestiva,Consultorio,Reemplazo de consultorio,Guardia,Reemplazo de guardia,Médico de planta,Médico de Staff,Ayudante de consultorio,Ayudante de cirugía general,Ayudante de cesárea,Ayudante cirugía laparoscópica,Ayudante cirugía laparoscópica ginecológica,Ayudante cirugía traumatológica,Ayudante cirugía de tórax,Ayudante cirugía cardiovascular,Ayudante cirugía vascular,Ayudante cirugía urológica,Reconocimientos médicos,Medicina laboral,Asistente en investigación,Ambulancia
Médico,Esterilidad,Consultorio,Reemplazo de consultorio,Guardia,Reemplazo de guardia,Médico de planta,Médico de Staff,Ayudante de consultorio,Ayudante de cirugía general,Ayudante de cesárea,Ayudante cirugía laparoscópica,Ayudante cirugía laparoscópica ginecológica,Ayudante cirugía traumatológica,Ayudante cirugía de tórax,Ayudante cirugía cardiovascular,Ayudante cirugía vascular,Ayudante cirugía urológica,Reconocimientos médicos,Medicina laboral,Asistente en investigación,Ambulancia
Médico,Epidemiologia,Consultorio,Reemplazo de consultorio,Guardia,Reemplazo de guardia,Médico de planta,Médico de Staff,Ayudante de consultorio,Ayudante de cirugía general,Ayudante de cesárea,Ayudante cirugía laparoscópica,Ayudante cirugía laparoscópica ginecológica,Ayudante cirugía traumatológica,Ayudante cirugía de tórax,Ayudante cirugía cardiovascular,Ayudante cirugía vascular,Ayudante cirugía urológica,Reconocimientos médicos,Medicina laboral,Asistente en investigación,Ambulancia
Médico,Gastroenterología,Consultorio,Reemplazo de consultorio,Guardia,Reemplazo de guardia,Médico de planta,Médico de Staff,Ayudante de consultorio,Ayudante de cirugía general,Ayudante de cesárea,Ayudante cirugía laparoscópica,Ayudante cirugía laparoscópica ginecológica,Ayudante cirugía traumatológica,Ayudante cirugía de tórax,Ayudante cirugía cardiovascular,Ayudante cirugía vascular,Ayudante cirugía urológica,Reconocimientos médicos,Medicina laboral,Asistente en investigación,Ambulancia
Médico,Genética medica,Consultorio,Reemplazo de consultorio,Guardia,Reemplazo de guardia,Médico de planta,Médico de Staff,Ayudante de consultorio,Ayudante de cirugía general,Ayudante de cesárea,Ayudante cirugía laparoscópica,Ayudante cirugía laparoscópica ginecológica,Ayudante cirugía traumatológica,Ayudante cirugía de tórax,Ayudante cirugía cardiovascular,Ayudante cirugía vascular,Ayudante cirugía urológica,Reconocimientos médicos,Medicina laboral,Asistente en investigación,Ambulancia
Médico,Geriatría,Consultorio,Reemplazo de consultorio,Guardia,Reemplazo de guardia,Médico de planta,Médico de Staff,Ayudante de consultorio,Ayudante de cirugía general,Ayudante de cesárea,Ayudante cirugía laparoscópica,Ayudante cirugía laparoscópica ginecológica,Ayudante cirugía traumatológica,Ayudante cirugía de tórax,Ayudante cirugía cardiovascular,Ayudante cirugía vascular,Ayudante cirugía urológica,Reconocimientos médicos,Medicina laboral,Asistente en investigación,Ambulancia
Médico,Ginecología,Consultorio,Reemplazo de consultorio,Guardia,Reemplazo de guardia,Médico de planta,Médico de Staff,Ayudante de consultorio,Ayudante de cirugía general,Ayudante de cesárea,Ayudante cirugía laparoscópica,Ayudante cirugía laparoscópica ginecológica,Ayudante cirugía traumatológica,Ayudante cirugía de tórax,Ayudante cirugía cardiovascular,Ayudante cirugía vascular,Ayudante cirugía urológica,Reconocimientos médicos,Medicina laboral,Asistente en investigación,Ambulancia
Médico,Hematología,Consultorio,Reemplazo de consultorio,Guardia,Reemplazo de guardia,Médico de planta,Médico de Staff,Ayudante de consultorio,Ayudante de cirugía general,Ayudante de cesárea,Ayudante cirugía laparoscópica,Ayudante cirugía laparoscópica ginecológica,Ayudante cirugía traumatológica,Ayudante cirugía de tórax,Ayudante cirugía cardiovascular,Ayudante cirugía vascular,Ayudante cirugía urológica,Reconocimientos médicos,Medicina laboral,Asistente en investigación,Ambulancia
Médico,Hemoterapia e inmunohematologia,Consultorio,Reemplazo de consultorio,Guardia,Reemplazo de guardia,Médico de planta,Médico de Staff,Ayudante de consultorio,Ayudante de cirugía general,Ayudante de cesárea,Ayudante cirugía laparoscópica,Ayudante cirugía laparoscópica ginecológica,Ayudante cirugía traumatológica,Ayudante cirugía de tórax,Ayudante cirugía cardiovascular,Ayudante cirugía vascular,Ayudante cirugía urológica,Reconocimientos médicos,Medicina laboral,Asistente en investigación,Ambulancia
Médico,Higiene y medicina preventiva,Consultorio,Reemplazo de consultorio,Guardia,Reemplazo de guardia,Médico de planta,Médico de Staff,Ayudante de consultorio,Ayudante de cirugía general,Ayudante de cesárea,Ayudante cirugía laparoscópica,Ayudante cirugía laparoscópica ginecológica,Ayudante cirugía traumatológica,Ayudante cirugía de tórax,Ayudante cirugía cardiovascular,Ayudante cirugía vascular,Ayudante cirugía urológica,Reconocimientos médicos,Medicina laboral,Asistente en investigación,Ambulancia
Médico,Infectologia,Consultorio,Reemplazo de consultorio,Guardia,Reemplazo de guardia,Médico de planta,Médico de Staff,Ayudante de consultorio,Ayudante de cirugía general,Ayudante de cesárea,Ayudante cirugía laparoscópica,Ayudante cirugía laparoscópica ginecológica,Ayudante cirugía traumatológica,Ayudante cirugía de tórax,Ayudante cirugía cardiovascular,Ayudante cirugía vascular,Ayudante cirugía urológica,Reconocimientos médicos,Medicina laboral,Asistente en investigación,Ambulancia
Médico,Mastologia,Consultorio,Reemplazo de consultorio,Guardia,Reemplazo de guardia,Médico de planta,Médico de Staff,Ayudante de consultorio,Ayudante de cirugía general,Ayudante de cesárea,Ayudante cirugía laparoscópica,Ayudante cirugía laparoscópica ginecológica,Ayudante cirugía traumatológica,Ayudante cirugía de tórax,Ayudante cirugía cardiovascular,Ayudante cirugía vascular,Ayudante cirugía urológica,Reconocimientos médicos,Medicina laboral,Asistente en investigación,Ambulancia
Médico,Medicina nuclear,Consultorio,Reemplazo de consultorio,Guardia,Reemplazo de guardia,Médico de planta,Médico de Staff,Ayudante de consultorio,Ayudante de cirugía general,Ayudante de cesárea,Ayudante cirugía laparoscópica,Ayudante cirugía laparoscópica ginecológica,Ayudante cirugía traumatológica,Ayudante cirugía de tórax,Ayudante cirugía cardiovascular,Ayudante cirugía vascular,Ayudante cirugía urológica,Reconocimientos médicos,Medicina laboral,Asistente en investigación,Ambulancia
Médico,Medicina sanitaria,Consultorio,Reemplazo de consultorio,Guardia,Reemplazo de guardia,Médico de planta,Médico de Staff,Ayudante de consultorio,Ayudante de cirugía general,Ayudante de cesárea,Ayudante cirugía laparoscópica,Ayudante cirugía laparoscópica ginecológica,Ayudante cirugía traumatológica,Ayudante cirugía de tórax,Ayudante cirugía cardiovascular,Ayudante cirugía vascular,Ayudante cirugía urológica,Reconocimientos médicos,Medicina laboral,Asistente en investigación,Ambulancia
Médico,Medicina del trabajo,Consultorio,Reemplazo de consultorio,Guardia,Reemplazo de guardia,Médico de planta,Médico de Staff,Ayudante de consultorio,Ayudante de cirugía general,Ayudante de cesárea,Ayudante cirugía laparoscópica,Ayudante cirugía laparoscópica ginecológica,Ayudante cirugía traumatológica,Ayudante cirugía de tórax,Ayudante cirugía cardiovascular,Ayudante cirugía vascular,Ayudante cirugía urológica,Reconocimientos médicos,Medicina laboral,Asistente en investigación,Ambulancia
Médico,Medicina familiar,Consultorio,Reemplazo de consultorio,Guardia,Reemplazo de guardia,Médico de planta,Médico de Staff,Ayudante de consultorio,Ayudante de cirugía general,Ayudante de cesárea,Ayudante cirugía laparoscópica,Ayudante cirugía laparoscópica ginecológica,Ayudante cirugía traumatológica,Ayudante cirugía de tórax,Ayudante cirugía cardiovascular,Ayudante cirugía vascular,Ayudante cirugía urológica,Reconocimientos médicos,Medicina laboral,Asistente en investigación,Ambulancia
Médico,Medicina del deporte,Consultorio,Reemplazo de consultorio,Guardia,Reemplazo de guardia,Médico de planta,Médico de Staff,Ayudante de consultorio,Ayudante de cirugía general,Ayudante de cesárea,Ayudante cirugía laparoscópica,Ayudante cirugía laparoscópica ginecológica,Ayudante cirugía traumatológica,Ayudante cirugía de tórax,Ayudante cirugía cardiovascular,Ayudante cirugía vascular,Ayudante cirugía urológica,Reconocimientos médicos,Medicina laboral,Asistente en investigación,Ambulancia
Médico,Nefrología,Consultorio,Reemplazo de consultorio,Guardia,Reemplazo de guardia,Médico de planta,Médico de Staff,Ayudante de consultorio,Ayudante de cirugía general,Ayudante de cesárea,Ayudante cirugía laparoscópica,Ayudante cirugía laparoscópica ginecológica,Ayudante cirugía traumatológica,Ayudante cirugía de tórax,Ayudante cirugía cardiovascular,Ayudante cirugía vascular,Ayudante cirugía urológica,Reconocimientos médicos,Medicina laboral,Asistente en investigación,Ambulancia
Médico,Neonatología,Consultorio,Reemplazo de consultorio,Guardia,Reemplazo de guardia,Médico de planta,Médico de Staff,Ayudante de consultorio,Ayudante de cirugía general,Ayudante de cesárea,Ayudante cirugía laparoscópica,Ayudante cirugía laparoscópica ginecológica,Ayudante cirugía traumatológica,Ayudante cirugía de tórax,Ayudante cirugía cardiovascular,Ayudante cirugía vascular,Ayudante cirugía urológica,Reconocimientos médicos,Medicina laboral,Asistente en investigación,Ambulancia
Médico,Neumonologia,Consultorio,Reemplazo de consultorio,Guardia,Reemplazo de guardia,Médico de planta,Médico de Staff,Ayudante de consultorio,Ayudante de cirugía general,Ayudante de cesárea,Ayudante cirugía laparoscópica,Ayudante cirugía laparoscópica ginecológica,Ayudante cirugía traumatológica,Ayudante cirugía de tórax,Ayudante cirugía cardiovascular,Ayudante cirugía vascular,Ayudante cirugía urológica,Reconocimientos médicos,Medicina laboral,Asistente en investigación,Ambulancia
Médico,Neurocirugia,Consultorio,Reemplazo de consultorio,Guardia,Reemplazo de guardia,Médico de planta,Médico de Staff,Ayudante de consultorio,Ayudante de cirugía general,Ayudante de cesárea,Ayudante cirugía laparoscópica,Ayudante cirugía laparoscópica ginecológica,Ayudante cirugía traumatológica,Ayudante cirugía de tórax,Ayudante cirugía cardiovascular,Ayudante cirugía vascular,Ayudante cirugía urológica,Reconocimientos médicos,Medicina laboral,Asistente en investigación,Ambulancia
Médico,Neurologia,Consultorio,Reemplazo de consultorio,Guardia,Reemplazo de guardia,Médico de planta,Médico de Staff,Ayudante de consultorio,Ayudante de cirugía general,Ayudante de cesárea,Ayudante cirugía laparoscópica,Ayudante cirugía laparoscópica ginecológica,Ayudante cirugía traumatológica,Ayudante cirugía de tórax,Ayudante cirugía cardiovascular,Ayudante cirugía vascular,Ayudante cirugía urológica,Reconocimientos médicos,Medicina laboral,Asistente en investigación,Ambulancia
Médico,Neurologia infantil,Consultorio,Reemplazo de consultorio,Guardia,Reemplazo de guardia,Médico de planta,Médico de Staff,Ayudante de consultorio,Ayudante de cirugía general,Ayudante de cesárea,Ayudante cirugía laparoscópica,Ayudante cirugía laparoscópica ginecológica,Ayudante cirugía traumatológica,Ayudante cirugía de tórax,Ayudante cirugía cardiovascular,Ayudante cirugía vascular,Ayudante cirugía urológica,Reconocimientos médicos,Medicina laboral,Asistente en investigación,Ambulancia
Médico,Nutrición,Consultorio,Reemplazo de consultorio,Guardia,Reemplazo de guardia,Médico de planta,Médico de Staff,Ayudante de consultorio,Ayudante de cirugía general,Ayudante de cesárea,Ayudante cirugía laparoscópica,Ayudante cirugía laparoscópica ginecológica,Ayudante cirugía traumatológica,Ayudante cirugía de tórax,Ayudante cirugía cardiovascular,Ayudante cirugía vascular,Ayudante cirugía urológica,Reconocimientos médicos,Medicina laboral,Asistente en investigación,Ambulancia
Médico,Obstetricia,Consultorio,Reemplazo de consultorio,Guardia,Reemplazo de guardia,Médico de planta,Médico de Staff,Ayudante de consultorio,Ayudante de cirugía general,Ayudante de cesárea,Ayudante cirugía laparoscópica,Ayudante cirugía laparoscópica ginecológica,Ayudante cirugía traumatológica,Ayudante cirugía de tórax,Ayudante cirugía cardiovascular,Ayudante cirugía vascular,Ayudante cirugía urológica,Reconocimientos médicos,Medicina laboral,Asistente en investigación,Ambulancia
Médico,Oftalmología,Consultorio,Reemplazo de consultorio,Guardia,Reemplazo de guardia,Médico de planta,Médico de Staff,Ayudante de consultorio,Ayudante de cirugía general,Ayudante de cesárea,Ayudante cirugía laparoscópica,Ayudante cirugía laparoscópica ginecológica,Ayudante cirugía traumatológica,Ayudante cirugía de tórax,Ayudante cirugía cardiovascular,Ayudante cirugía vascular,Ayudante cirugía urológica,Reconocimientos médicos,Medicina laboral,Asistente en investigación,Ambulancia
Médico,Oncología clínica,Consultorio,Reemplazo de consultorio,Guardia,Reemplazo de guardia,Médico de planta,Médico de Staff,Ayudante de consultorio,Ayudante de cirugía general,Ayudante de cesárea,Ayudante cirugía laparoscópica,Ayudante cirugía laparoscópica ginecológica,Ayudante cirugía traumatológica,Ayudante cirugía de tórax,Ayudante cirugía cardiovascular,Ayudante cirugía vascular,Ayudante cirugía urológica,Reconocimientos médicos,Medicina laboral,Asistente en investigación,Ambulancia
Médico,Ortopedia y traumatología,Consultorio,Reemplazo de consultorio,Guardia,Reemplazo de guardia,Médico de planta,Médico de Staff,Ayudante de consultorio,Ayudante de cirugía general,Ayudante de cesárea,Ayudante cirugía laparoscópica,Ayudante cirugía laparoscópica ginecológica,Ayudante cirugía traumatológica,Ayudante cirugía de tórax,Ayudante cirugía cardiovascular,Ayudante cirugía vascular,Ayudante cirugía urológica,Reconocimientos médicos,Medicina laboral,Asistente en investigación,Ambulancia
Médico,Otorrinolaringología,Consultorio,Reemplazo de consultorio,Guardia,Reemplazo de guardia,Médico de planta,Médico de Staff,Ayudante de consultorio,Ayudante de cirugía general,Ayudante de cesárea,Ayudante cirugía laparoscópica,Ayudante cirugía laparoscópica ginecológica,Ayudante cirugía traumatológica,Ayudante cirugía de tórax,Ayudante cirugía cardiovascular,Ayudante cirugía vascular,Ayudante cirugía urológica,Reconocimientos médicos,Medicina laboral,Asistente en investigación,Ambulancia
Médico,Pediatría,Consultorio,Reemplazo de consultorio,Guardia,Reemplazo de guardia,Médico de planta,Médico de Staff,Ayudante de consultorio,Ayudante de cirugía general,Ayudante de cesárea,Ayudante cirugía laparoscópica,Ayudante cirugía laparoscópica ginecológica,Ayudante cirugía traumatológica,Ayudante cirugía de tórax,Ayudante cirugía cardiovascular,Ayudante cirugía vascular,Ayudante cirugía urológica,Reconocimientos médicos,Medicina laboral,Asistente en investigación,Ambulancia
Médico,Proctología,Consultorio,Reemplazo de consultorio,Guardia,Reemplazo de guardia,Médico de planta,Médico de Staff,Ayudante de consultorio,Ayudante de cirugía general,Ayudante de cesárea,Ayudante cirugía laparoscópica,Ayudante cirugía laparoscópica ginecológica,Ayudante cirugía traumatológica,Ayudante cirugía de tórax,Ayudante cirugía cardiovascular,Ayudante cirugía vascular,Ayudante cirugía urológica,Reconocimientos médicos,Medicina laboral,Asistente en investigación,Ambulancia
Médico,Psiquiatría,Consultorio,Reemplazo de consultorio,Guardia,Reemplazo de guardia,Médico de planta,Médico de Staff,Ayudante de consultorio,Ayudante de cirugía general,Ayudante de cesárea,Ayudante cirugía laparoscópica,Ayudante cirugía laparoscópica ginecológica,Ayudante cirugía traumatológica,Ayudante cirugía de tórax,Ayudante cirugía cardiovascular,Ayudante cirugía vascular,Ayudante cirugía urológica,Reconocimientos médicos,Medicina laboral,Asistente en investigación,Ambulancia
Médico,Radiología,Consultorio,Reemplazo de consultorio,Guardia,Reemplazo de guardia,Médico de planta,Médico de Staff,Ayudante de consultorio,Ayudante de cirugía general,Ayudante de cesárea,Ayudante cirugía laparoscópica,Ayudante cirugía laparoscópica ginecológica,Ayudante cirugía traumatológica,Ayudante cirugía de tórax,Ayudante cirugía cardiovascular,Ayudante cirugía vascular,Ayudante cirugía urológica,Reconocimientos médicos,Medicina laboral,Asistente en investigación,Ambulancia
Médico,Radioterapia,Consultorio,Reemplazo de consultorio,Guardia,Reemplazo de guardia,Médico de planta,Médico de Staff,Ayudante de consultorio,Ayudante de cirugía general,Ayudante de cesárea,Ayudante cirugía laparoscópica,Ayudante cirugía laparoscópica ginecológica,Ayudante cirugía traumatológica,Ayudante cirugía de tórax,Ayudante cirugía cardiovascular,Ayudante cirugía vascular,Ayudante cirugía urológica,Reconocimientos médicos,Medicina laboral,Asistente en investigación,Ambulancia
Médico,Reumatología,Consultorio,Reemplazo de consultorio,Guardia,Reemplazo de guardia,Médico de planta,Médico de Staff,Ayudante de consultorio,Ayudante de cirugía general,Ayudante de cesárea,Ayudante cirugía laparoscópica,Ayudante cirugía laparoscópica ginecológica,Ayudante cirugía traumatológica,Ayudante cirugía de tórax,Ayudante cirugía cardiovascular,Ayudante cirugía vascular,Ayudante cirugía urológica,Reconocimientos médicos,Medicina laboral,Asistente en investigación,Ambulancia
Médico,Salud publica,Consultorio,Reemplazo de consultorio,Guardia,Reemplazo de guardia,Médico de planta,Médico de Staff,Ayudante de consultorio,Ayudante de cirugía general,Ayudante de cesárea,Ayudante cirugía laparoscópica,Ayudante cirugía laparoscópica ginecológica,Ayudante cirugía traumatológica,Ayudante cirugía de tórax,Ayudante cirugía cardiovascular,Ayudante cirugía vascular,Ayudante cirugía urológica,Reconocimientos médicos,Medicina laboral,Asistente en investigación,Ambulancia
Médico,Terapia intensiva,Consultorio,Reemplazo de consultorio,Guardia,Reemplazo de guardia,Médico de planta,Médico de Staff,Ayudante de consultorio,Ayudante de cirugía general,Ayudante de cesárea,Ayudante cirugía laparoscópica,Ayudante cirugía laparoscópica ginecológica,Ayudante cirugía traumatológica,Ayudante cirugía de tórax,Ayudante cirugía cardiovascular,Ayudante cirugía vascular,Ayudante cirugía urológica,Reconocimientos médicos,Medicina laboral,Asistente en investigación,Ambulancia
Médico,Tisiología,Consultorio,Reemplazo de consultorio,Guardia,Reemplazo de guardia,Médico de planta,Médico de Staff,Ayudante de consultorio,Ayudante de cirugía general,Ayudante de cesárea,Ayudante cirugía laparoscópica,Ayudante cirugía laparoscópica ginecológica,Ayudante cirugía traumatológica,Ayudante cirugía de tórax,Ayudante cirugía cardiovascular,Ayudante cirugía vascular,Ayudante cirugía urológica,Reconocimientos médicos,Medicina laboral,Asistente en investigación,Ambulancia
Médico,Tocoginecologia,Consultorio,Reemplazo de consultorio,Guardia,Reemplazo de guardia,Médico de planta,Médico de Staff,Ayudante de consultorio,Ayudante de cirugía general,Ayudante de cesárea,Ayudante cirugía laparoscópica,Ayudante cirugía laparoscópica ginecológica,Ayudante cirugía traumatológica,Ayudante cirugía de tórax,Ayudante cirugía cardiovascular,Ayudante cirugía vascular,Ayudante cirugía urológica,Reconocimientos médicos,Medicina laboral,Asistente en investigación,Ambulancia
Médico,Toxicología,Consultorio,Reemplazo de consultorio,Guardia,Reemplazo de guardia,Médico de planta,Médico de Staff,Ayudante de consultorio,Ayudante de cirugía general,Ayudante de cesárea,Ayudante cirugía laparoscópica,Ayudante cirugía laparoscópica ginecológica,Ayudante cirugía traumatológica,Ayudante cirugía de tórax,Ayudante cirugía cardiovascular,Ayudante cirugía vascular,Ayudante cirugía urológica,Reconocimientos médicos,Medicina laboral,Asistente en investigación,Ambulancia
Médico,Unidad coronaria,Consultorio,Reemplazo de consultorio,Guardia,Reemplazo de guardia,Médico de planta,Médico de Staff,Ayudante de consultorio,Ayudante de cirugía general,Ayudante de cesárea,Ayudante cirugía laparoscópica,Ayudante cirugía laparoscópica ginecológica,Ayudante cirugía traumatológica,Ayudante cirugía de tórax,Ayudante cirugía cardiovascular,Ayudante cirugía vascular,Ayudante cirugía urológica,Reconocimientos médicos,Medicina laboral,Asistente en investigación,Ambulancia
Médico,Urología,Consultorio,Reemplazo de consultorio,Guardia,Reemplazo de guardia,Médico de planta,Médico de Staff,Ayudante de consultorio,Ayudante de cirugía general,Ayudante de cesárea,Ayudante cirugía laparoscópica,Ayudante cirugía laparoscópica ginecológica,Ayudante cirugía traumatológica,Ayudante cirugía de tórax,Ayudante cirugía cardiovascular,Ayudante cirugía vascular,Ayudante cirugía urológica,Reconocimientos médicos,Medicina laboral,Asistente en investigación,Ambulancia
Odontólogo,Odontologia general,Consultorio,Reemplazo de consultorio,Guardia,Reemplazo de guardia,Odontólogo de planta,Odontólogo de Staff
Odontólogo,Cirujano buco maxilo facial,Consultorio,Reemplazo de consultorio,Guardia,Reemplazo de guardia,Odontólogo de planta,Odontólogo de Staff
Odontólogo,Periodoncista,Consultorio,Reemplazo de consultorio,Guardia,Reemplazo de guardia,Odontólogo de planta,Odontólogo de Staff
Odontólogo,Endodoncista,Consultorio,Reemplazo de consultorio,Guardia,Reemplazo de guardia,Odontólogo de planta,Odontólogo de Staff
Odontólogo,Odontopediatra,Consultorio,Reemplazo de consultorio,Guardia,Reemplazo de guardia,Odontólogo de planta,Odontólogo de Staff
Odontólogo,Ortodoncista,Consultorio,Reemplazo de consultorio,Guardia,Reemplazo de guardia,Odontólogo de planta,Odontólogo de Staff
Odontólogo,Implantólogo,Consultorio,Reemplazo de consultorio,Guardia,Reemplazo de guardia,Odontólogo de planta,Odontólogo de Staff
Odontólogo,Odontología estética/cosmética,Consultorio,Reemplazo de consultorio,Guardia,Reemplazo de guardia,Odontólogo de planta,Odontólogo de Staff
Odontólogo,Odontología preventiva,Consultorio,Reemplazo de consultorio,Guardia,Reemplazo de guardia,Odontólogo de planta,Odontólogo de Staff
Odontólogo,Gnatología ATM bruxismo,Consultorio,Reemplazo de consultorio,Guardia,Reemplazo de guardia,Odontólogo de planta,Odontólogo de Staff
Psicólogo,,Consultorio,Reemplazo de consultorio,Guardia,Reemplazo de guardia,Psicólogo de planta,Psicólogo de Staff,Psicología laboral,Orientación vocacional,Psico diagnóstico,Test neuro cognitivo
Kinesiólogo fisiatra,,Consultorio,Reemplazo de consultorio,Guardia,Reemplazo/a de guardia,Kinesiólogo/a de planta,Kinesiólogo/a de Staff,Kinesiólogo/a para embarazadas,Ayudante de consultorio,Clubes deportivos,Centro deportivo,Centro de rehabilitación,Estética corporal,Rehabilitación gerontológica,Rehabilitación pediátrica,Rehabilitación neonatal,Rehabilitación cardiorrespiratoria,Rehabilitación domiciliaria,Rehabilitación acuática,Rehabilitación neurológica
Obstétrica,,Consultorio,Reemplazo de consultorio,Guardia,Reemplazo de guardia,Curso psicoprofiláctico del parto,Control de trabajo de parto,Asistencia para cesárea
Nutricionista,,Consultorio,Reemplazo de consultorio,Consultoría y marketing,Nutricionista de planta,Nutricionista de Staff,Nutricionista para empresas,Nutricionista para hospitales,Nutricionista para clínicas y sanatorios
Instrumentadora,,Cirugías de urgencia,Cirugías programadas,Guardia,Reemplazo de guardia,Instrumentadora de planta,Instrumentadora de Staff